featurename,semanticid,definitiontag,feature_rank,importance
Airport,2232776282,aeroway=aerodrome,1,999
Fuel Station,3512963347,amenity=fuel,2,999
Mall,2807557861,shop=mall,3,999
Stadium,1326830988,leisure=stadium,4,999
Restaurant,673682254,amenity=restaurant,5,999
Fast Food,2141709099,amenity=fast_food,6,999
Supermarket,1476588934,shop=supermarket,7,999
Convenience Store,883206267,shop=convenience,8,999
Hotel,1130754819,tourism=hotel,9,999
Hospital,869865099,amenity=hospital,10,999
Parking Facility,2776656138,amenity=parking,11,742
Bank,2807230221,amenity=bank,12,742
Car Rental,1263578087,amenity=car_rental,13,742
Theme Park,2035823394,tourism=theme_park,14,742
ATM,4246974377,amenity=atm,15,742
Terminal,4287212237,aeroway=terminal,16,742
Cafe,2807259758,amenity=cafe,17,742
Pub,4246989836,amenity=pub,18,742
Do It Yourself,2539438854,shop=doityourself,19,742
Highway Services,3972703258,highway=services,20,742
Rest Area,835497682,highway=rest_area,21,742
Truck Stop,3318571728,amenity=truck_stop,22,742
Ferry Terminal,427208709,amenity=ferry_terminal,23,742
Railway Station,2403256296,railway=station,24,742
Cinema,544795522,amenity=cinema,25,742
Theater,1874400038,amenity=theatre,26,742
Zoo,4246999273,tourism=zoo,27,742
Bar,4246975778,amenity=bar,28,742
Conference Center,3210670440,amenity=conference_centre,29,742
Department Store,2614829886,shop=department_store,30,742
Beach,1124897458,natural=beach,31,742
Pharmacy,3791478020,amenity=pharmacy,32,742
Emergency Ward Entrance,1630355666,emergency=emergency_ward_entrance,33,742
Clinic,547425657,amenity=clinic,34,742
School,997151749,amenity=school,35,742
University,2635477663,amenity=university,36,742
College,4173888294,amenity=college,37,742
Resort,970697442,leisure=resort,38,742
Motel,1135372424,tourism=motel,39,742
Hostel,693645536,tourism=hostel,40,742
Car Dealer,862375132,shop=car,41,600
Truck Dealer,1837989223,shop=truck,42,600
Museum,842318499,tourism=museum,43,600
Gallery,3028127969,tourism=gallery,44,600
Tourist Attraction,3137013512,tourism=attraction,45,600
Car Repair,1263619664,shop=car_repair,46,600
Truck Repair,4185811057,shop=truck_repair,47,600
Aquarium,3373765660,tourism=aquarium,48,600
Cultural Center,3181864974,amenity=cultural_centre,49,600
Arts Center,1973895292,amenity=arts_centre,50,600
Water Park,1804282736,leisure=water_park,51,600
Garden,652041926,leisure=garden,52,600
Traffic Park,1180200342,amenity=traffic_park,53,600
Leisure Park,1224744382,leisure=park,54,600
Recreation Ground,938361226,landuse=recreation_ground,55,600
Picnic Site,3788071094,tourism=picnic_site,56,600
Sports Hall,2454547561,leisure=sports_hall,57,600
Sports Center,743779851,leisure=sports_centre,58,600
Sports Club,2454409446,club=sport,59,600
Fitness Center,599901234,leisure=fitness_centre,60,600
Swimming Pool,13602922,leisure=swimming_pool,61,600
Castle,537570697,historic=castle,62,479
Fort,2807362972,historic=fort,63,479
Memorial,536439085,historic=memorial,64,479
Historic Building,1800113028,historic=building,65,479
Golf Course,2221425454,leisure=golf_course,66,479
Diplomatic Office,126279961,office=diplomatic,67,479
Government Office,2266415966,office=government,68,479
Police Station,373033093,amenity=police,69,479
Post Office,3937473421,amenity=post_office,70,479
Townhall,421374492,amenity=townhall,71,479
Courthouse,674233478,amenity=courthouse,72,479
General Government And Public Services,4139862198,amenity=public_services,73,479
Union Office,3459097722,office=union,74,479
Association Office,1283036524,office=association,75,479
General Military,1667876004,amenity=military,76,479
Forestry Office,722562705,office=forestry,77,479
Water Utility Office,4185672322,office=water_utility,78,479
Military Checkpoint,924144006,military=checkpoint,79,479
Military Base,1907317071,military=base,80,479
Harbour Master,2623718484,office=harbour_master,81,479
Quango Office,1389343206,office=quango,82,479
Military Area,1907303179,landuse=military,83,479
Military Airfield,714033518,military=airfield,84,479
Car Wash,3777992226,amenity=car_wash,85,479
Truck Wash,3318672749,amenity=truck_wash,86,479
Rental Car Parking,3713763545,amenity=rent_a_car_parking,87,479
Sports Shop,2454882086,shop=sports,88,479
Bicycle Shop,2088211108,shop=bicycle,89,479
Golf Shop,3211716297,shop=golf,90,479
Model Shop,7896974,shop=model,91,479
Fishing Equipments,2249202078,shop=fishing,92,479
Military Surplus,1240291500,shop=military_surplus,93,479
Hunting Shop,96155924,shop=hunting,94,479
Trophy Store,4113259168,shop=trophy,95,479
Weapon Store,2414277172,shop=weapons,96,479
Library,3390651978,amenity=library,97,382
Book Shop,3178104272,shop=books,98,382
Music School,4046782472,amenity=music_school,99,382
Preparation School,2342294458,amenity=prep_school,100,382
General Education,823999217,amenity=education,101,382
Language School,3415986301,amenity=language_school,102,382
Training Center,2431192806,amenity=training,103,382
Educational Institution Office,2111111890,office=educational_institution,104,382
Driving School,2994865258,amenity=driving_school,105,382
Childcare,1923838972,amenity=childcare,106,382
Kindergarten,3198134423,amenity=kindergarten,107,382
Winery,1117378721,craft=winery,108,382
Doctor,578652592,amenity=doctors,109,382
Dentist,482222770,amenity=dentist,110,382
Psychotherapist,1856611189,healthcare=psychotherapist,111,382
Audiologist,3969293355,healthcare=audiologist,112,382
Optician,1094114426,craft=optician,113,382
Chemist,3967053612,shop=chemist,114,382
Physiotherapist,3391160913,healthcare=physiotherapist,115,382
Podiatrist,2921128288,healthcare=podiatrist,116,382
Veterinary,1678279522,amenity=veterinary,117,382
Therapist,2176236105,office=therapist,118,382
Factory Outlet,1917593606,shop=factory_outlet,119,265
Retail Outlet,3625541313,shop=retail_outlet,120,265
Boutique,3358855093,shop=boutique,121,265
Shoe Store,3883809413,shop=shoes,122,265
Clothes Shop,3613028717,shop=clothes,123,265
Leather Store,3913160201,shop=leather,124,265
Wool Shop,1123339164,shop=wool,125,265
Sewing Shop,2339169796,shop=sewing,126,265
Dress Maker,2363641950,craft=dressmaker,127,265
Watch Shop,1737885236,shop=watches,128,265
Bag Shop,2880217261,shop=bag,129,265
Confectionery Shop,1685869499,shop=confectionery,130,265
Jewelry Store,2203034888,shop=jewelry,131,265
Fashion Accessories,3365245289,shop=fashion_accessories,132,265
Marketplace,3117106266,amenity=marketplace,133,265
Farm Shop,2106995869,shop=farm,134,265
Retail Area,2953069633,landuse=retail,135,265
Casino,537560198,amenity=casino,136,265
Lottery Shop,1298666478,shop=lottery,137,265
Gambling,3697247414,amenity=gambling,138,265
Pet Shop,2546889284,shop=pet,139,265
Pet Supplies,4238096923,shop=pet_supplies,140,265
Pet Grooming,2107175726,shop=pet_grooming,141,265
Coffee Shop,2103685363,amenity=coffee_shop,142,265
Food Court,882135452,amenity=food_court,143,265
Ice Cream Shop,194309150,shop=ice_cream,144,265
Events Venue,3811384037,amenity=events_venue,145,265
Juice Bar,792108772,amenity=juice_bar,146,265
Tea House,3766532417,amenity=tea_house,147,265
General Eat And Drink,3020748162,amenity=eat_and_drink,148,265
Beer Garden,2650524310,amenity=biergarten,149,265
Cafeteria,4055972683,amenity=cafeteria,150,265
Internet Cafe,1444131919,amenity=internet_cafe,151,265
Deli Shop,1995920933,shop=deli,152,265
Food Outlet,1925450268,shop=food,153,265
Coffee Store,790094468,shop=coffee,154,265
Bakery,508689009,craft=bakery,155,265
Confectionery,1592991525,craft=confectionery,156,265
Chocolate Shop,2009900449,shop=chocolate,157,265
Bakery Shop,1462020359,shop=bakery,158,265
Grocery,3517325980,shop=grocery,159,265
Organic Shop,2001271440,shop=organic,160,265
Butcher,3465282402,shop=butcher,161,265
Health Food,3353558251,shop=health_food,162,265
Cheese Shop,3936426110,shop=cheese,163,265
Pasta Store,3970233251,shop=pasta,164,265
Nuts Shop,3797580525,shop=nuts,165,265
Tea Store,3776834306,shop=tea,166,265
Wine Shop,58190576,shop=wine,167,265
Food Market,1504916360,shop=food_markets,168,265
Pastry Shop,196065408,shop=pastry,169,265
Frozen Food,3765275439,shop=frozen_food,170,265
Local Specialities,20012685,shop=local_specialities,171,265
Seafood Shop,807252946,shop=seafood,172,265
Dairy Shop,992312888,shop=dairy,173,265
Beverage Shop,531462118,shop=beverages,174,265
Alcohol Shop,3282290995,shop=alcohol,175,265
Spices Shop,4025831372,shop=spices,176,265
Water Shop,1804378748,shop=water,177,265
Caterer,3780272255,craft=caterer,178,265
Brewery,3366135481,craft=brewery,179,265
Brewing Supplies,2045047836,shop=brewing_supplies,180,265
Distillery,710567514,craft=distillery,181,265
Greengrocer,1150652350,shop=greengrocer,182,265
Greenhouse Horticulture,1952969436,landuse=greenhouse_horticulture,183,265
Specialty Food,592201931,shop=specialty_food,184,265
Taxi Stand,2273686055,amenity=taxi,185,191
Aerialway Station,1590177244,aerialway=station,186,191
General Transport,2167720562,transport=yes,187,191
Bus Station,1971131045,amenity=bus_station,188,191
Stop Position,977234716,public_transport=stop_position,189,191
Tram Stop,2452513437,railway=tram_stop,190,191
Public Transport Station,2094836965,public_transport=station,191,191
Public Transport Platform,1071788770,public_transport=platform,192,191
Vending Machine,3489283067,amenity=vending_machine,193,191
Storage Rental,2199590350,shop=storage_rental,194,113
Shopping Service,421503676,shop=shopping_service,195,113
Copy Shop,667505756,shop=copyshop,196,113
Dry Cleaning,3778157011,shop=dry_cleaning,197,113
Equipment Rental,2744092385,shop=rental,198,113
Repair Shop,282863668,shop=repair,199,113
Beauty Shop,3946318243,shop=beauty,200,113
Perfumery,2505096282,shop=perfumery,201,113
Hairdresser Supply,4061421920,shop=hairdresser_supply,202,113
Hearing Aids,1776287258,shop=hearing_aids,203,113
Herbalist,3946817153,shop=herbalist,204,113
Nutrition Supplements,140305139,shop=nutrition_supplements,205,113
Optician Shop,3645333136,shop=optician,206,113
Cosmetics Store,3791691598,shop=cosmetics,207,113
HVAC Shop,2259426583,shop=hvac,208,113
Garden Center,3104336961,shop=garden_centre,209,113
Furniture Store,1563209632,shop=furniture,210,113
Bed Shop,2991963302,shop=bed,211,113
Doors Shop,646367466,shop=doors,212,113
Carpet Shop,1376086642,shop=carpet,213,113
Houseware,3053304684,shop=houseware,214,113
Antiques,689994885,shop=antiques,215,113
Lighting Shop,2947724275,shop=lighting,216,113
Interior Decoration,3521942929,shop=interior_decoration,217,113
Vacuum Cleaner Store,2026623281,shop=vacuum_cleaner,218,113
Household Linen,373202412,shop=household_linen,219,113
Fireplace Store,3351756385,shop=fireplace,220,113
Frames Shop,2193119437,shop=frame,221,113
Tiles Shop,1185217002,shop=tiles,222,113
Art Shop,2491414920,shop=art,223,113
Ceramics Shop,2665839876,shop=ceramics,224,113
Glaziery,253407634,craft=glaziery,225,113
Swimming Pool Equipments,284441775,shop=swimming_pool,226,113
Candle Shop,1121221556,shop=candles,227,113
Bathroom Furnishing,356373934,shop=bathroom_furnishing,228,113
Electrical Shop,2817249455,shop=electrical,229,113
Windows Store,1173620719,shop=windows,230,113
Hardware Store,833685032,shop=hardware,231,113
Garden Furniture,2129876940,shop=garden_furniture,232,113
Outdoor Store,334574102,shop=outdoor,233,113
Appliances Store,548020906,shop=appliance,234,113
Curtain Shop,3204318903,shop=curtain,235,113
Fabric Shop,545208652,shop=fabric,236,113
Flooring Shop,547300413,shop=flooring,237,113
Window Blind Shop,77994090,shop=window_blind,238,113
Hifi Shop,3755467499,shop=hifi,239,113
Paint Shop,658561603,shop=paint,240,113
Train Station Entrance,1152456627,railway=train_station_entrance,241,113
Subway Entrance,2799569942,railway=subway_entrance,242,113
Railway Halt,1810798093,railway=halt,243,113
National Park,4280212621,boundary=national_park,244,113
Nature Reserve,1250975844,leisure=nature_reserve,245,113
Protected Area,2081790890,boundary=protected_area,246,113
Aboriginal Land,1900624037,boundary=aboriginal_lands,247,113
Trailhead,2921676469,highway=trailhead,248,113
Car Parts,1147176893,shop=car_parts,249,113
Motorcycle Repair,1590588367,shop=motorcycle_repair,250,113
Car Painter,2916880168,craft=car_painter,251,113
Tyres Shop,35466080,shop=tyres,252,113
Boat Parts,451521359,shop=boat_parts,253,113
Tool Hire Shop,2315047315,shop=tool_hire,254,113
General Healthcare,1105954116,amenity=healthcare,255,113
General Emergency Services,3016266584,amenity=emergency_services,256,113
Laboratory,1255389124,healthcare=laboratory,257,113
Blood Bank,3227559205,amenity=blood_bank,258,113
Hospice,28059638,healthcare=hospice,259,113
Defibrillator,1319815162,emergency=defibrillator,260,113
Counselling Center,3617562677,healthcare=counselling,261,113
Assembly Point,1099651481,emergency=assembly_point,262,113
Rescue Station,1806281328,amenity=rescue_station,263,113
Blood Donation Center,1906023350,healthcare=blood_donation,264,113
Alternative Healthcare,4196643401,healthcare=alternative,265,113
Ambulance Station,2702574409,emergency=ambulance_station,266,113
Sample Collection Center,3398391412,healthcare=sample_collection,267,113
Medical Supply,2858168623,shop=medical_supply,268,113
Drug Store,null,null,269,113
Border Control,3686937056,barrier=border_control,270,113
Toll Gantry,798185363,highway=toll_gantry,271,113
Toll Plaza,3208136970,barrier=toll_booth,272,113
Mountain Pass,1527147535,mountain_pass=yes,273,113
Security Gate,2210537468,barrier=security_gate,274,113
Toll Booth,null,null,275,113
Place Of Worship,232569417,amenity=place_of_worship,276,113
Cemetery,279025987,landuse=cemetery,277,113
Historic Church,3625559671,historic=church,278,113
Religious Area,1655831479,landuse=religious,279,113
Stupa,1141063796,man_made=stupa,280,113
Historic Monastery,3831609062,historic=monastery,281,113
Monastery,185927557,amenity=monastery,282,113
Wayside Shrine,3700494520,historic=wayside_shrine,283,113
Religious Goods,4091597164,shop=religion,284,113
Religion Office,1171744478,office=religion,285,113
Funeral Hall,2347410047,amenity=funeral_hall,286,113
Crematorium,2522962051,amenity=crematorium,287,113
Planetarium,1441323623,amenity=planetarium,288,113
Historic Monument,2912824471,historic=monument,289,113
Obelisk,1560391190,man_made=obelisk,290,113
Observatory,2938546473,man_made=observatory,291,113
Beach Resort,1906238371,leisure=beach_resort,292,113
Guest House,671143993,tourism=guest_house,293,113
Caravan Site,1019672428,tourism=caravan_site,294,113
Bungalow,4176256752,tourism=bungalow,295,113
Holiday Rental,927031787,tourism=holiday_rental,296,113
Apartment,3978119425,tourism=apartment,297,113
Alpine Hut,1466029243,tourism=alpine_hut,298,113
Rest Camps,131973229,tourism=rest_camps,299,113
Wilderness Hut,2463927208,tourism=wilderness_hut,300,113
Camp Site,1033158073,tourism=camp_site,301,113
Chalet,543491216,tourism=chalet,302,113
Villa,1143497885,tourism=villa,303,113
Summer Camp,2243495649,leisure=summer_camp,304,113
Cottage,4181510946,tourism=cottage,305,113
General Lodging,577541733,amenity=lodging,306,113
Cabin,1125702968,tourism=cabin,307,113
Door Construction,1400220400,craft=door_construction,308,113
Metal Construction,1301639239,craft=metal_construction,309,113
Interior Work,1586634930,craft=interior_work,310,113
Carpenter,2122452747,craft=carpenter,311,113
Tinsmith,3433399131,craft=tinsmith,312,113
Plant Nursery,3311174922,landuse=plant_nursery,313,113
Animal Breeding,2664064923,amenity=animal_breeding,314,113
Plant Hire Shop,4216629732,shop=plant_hire,315,113
Industrial Area,2505263671,landuse=industrial,316,113
Factory,2132560537,man_made=works,317,113
Glaziery Shop,3096111016,shop=glaziery,318,113
Construction Company,1090494843,office=construction_company,319,113
Newsagent,2321118689,shop=newsagent,320,113
Music Store,1655075277,shop=music,321,113
Pawn Shop,2499299311,shop=pawnbroker,322,113
Country Store,2873198268,shop=country_store,323,113
Erotic Shop,3036472595,shop=erotic,324,113
Agrarian,3002775370,shop=agrarian,325,113
Baby Goods,2844731887,shop=baby_goods,326,113
Kiosk,1133342264,shop=kiosk,327,113
Second Hand Store,1843785261,shop=second_hand,328,113
Games Shop,3037211430,shop=games,329,113
Outpost,2118322813,shop=outpost,330,113
Pyrotechnics Store,3503689961,shop=pyrotechnics,331,113
Computer Shop,3803271298,shop=computer,332,113
Anime Shop,3139790681,shop=anime,333,113
Party Shop,232552651,shop=party,334,113
Groundskeeping,2932040834,shop=groundskeeping,335,113
Security Shop,2210901543,shop=security,336,113
Video Games Store,600986634,shop=video_games,337,113
Stationery,2347684809,shop=stationery,338,113
Musical Instrument Store,181839003,shop=musical_instrument,339,113
Collector Shop,4181557106,shop=collector,340,113
Electronics Shop,3747959708,shop=electronics,341,113
Video Parlour,462379607,shop=video,342,113
Mobile Shop,325191369,shop=mobile_phone,343,113
Pottery Shop,2700795634,shop=pottery,344,113
Telecommunication Shop,489962705,shop=telecommunication,345,113
Cannabis Shop,3137989392,shop=cannabis,346,113
Radiotechnics Store,177587542,shop=radiotechnics,347,113
Scuba Diving Store,812998461,shop=scuba_diving,348,113
Printer Ink Shop,1313847827,shop=printer_ink,349,113
Camera Shop,433995724,shop=camera,350,113
Tobacco Shop,1310028922,shop=tobacco,351,113
Kitchen Studio,1867158761,shop=kitchen,352,113
Trade Shop,2771443785,shop=trade,353,113
Wholesale Store,1056592020,shop=wholesale,354,113
Catalogue Shop,4224069966,shop=catalogue,355,113
Charity Shop,1770502845,shop=charity,356,113
Christmas Shop,3681715175,shop=christmas,357,113
Fuel Shop,2304097821,shop=fuel,358,113
Gas Shop,3033850622,shop=gas,359,113
Locksmith Shop,405116701,shop=locksmith,360,113
Toy Shop,2092845827,shop=toys,361,113
Photo Store,1927487968,shop=photo,362,113
Marine Electronics,313359652,shop=marine_electronics,363,113
Gold Exchange,1869191796,amenity=gold_exchange,364,113
Foreign Exchange,125663654,amenity=bureau_de_change,365,113
E-Cigarette Store,3376085704,shop=e-cigarette,366,113
Sauna Shop,1573728191,shop=sauna,367,113
Safety Equipment Shop,655699713,shop=safety_equipment,368,113
Mobile Home Shop,3921725128,shop=mobile_home,369,113
Wigs Shop,4165683109,shop=wigs,370,113
Esoteric Shop,2641150465,shop=esoteric,371,113
Psychic Shop,4288930490,shop=psychic,372,113
Weighbridge,101301780,amenity=weighbridge,373,113
Historic Cannon,3618883021,historic=cannon,374,113
Historic Pillory,3690964045,historic=pillory,375,113
Historic Railway Car,2513763655,historic=railway_car,376,113
Historic Wayside Cross,3150064618,historic=wayside_cross,377,113
Historic Farm,3279829254,historic=farm,378,113
Traditional Windmill,2728314362,man_made=windmill,379,113
Historic Milestone,304200352,historic=milestone,380,113
Historic City Gate,1808868774,historic=city_gate,381,113
Historic Ship,3280222988,historic=ship,382,113
Historic Aircraft,2541920230,historic=aircraft,383,113
Historic Wreck,2906652674,historic=wreck,384,113
Tomb,2807779873,historic=tomb,385,113
Historic Creamery,756001402,historic=creamery,386,113
Historic Locomotive,385428293,historic=locomotive,387,113
Battlefield,2073017681,historic=battlefield,388,113
Historic Pa,101737153,historic=pa,389,113
Rune Stone,1690490650,historic=rune_stone,390,113
Historic Manor,2896920045,historic=manor,391,113
Palaeontological Site,4169803016,geological=palaeontological_site,392,113
Ruins,1140158490,historic=ruins,393,113
Gallows,3028137728,historic=gallows,394,113
Historic Bomb Crater,2745941793,historic=bomb_crater,395,113
Historic Tank,3280246202,historic=tank,396,113
Historic Vehicle,307739740,historic=vehicle,397,113
Archaeological Site,3567883820,historic=archaeological_site,398,113
Historic Boundary Stone,1805857675,historic=boundary_stone,399,113
Track,1141908122,leisure=track,400,86
Ice Rink,558190830,leisure=ice_rink,401,86
Horse Riding,838234113,leisure=horse_riding,402,86
Winter Sports,1038838389,landuse=winter_sports,403,86
General Outdoor,3426520453,leisure=outdoor,404,86
General Sport,2876376893,leisure=sport,405,86
Marina,823821903,leisure=marina,406,86
Pitch,1137964175,leisure=pitch,407,86
Fitness Station,3149649341,leisure=fitness_station,408,86
Fishing,2376006681,leisure=fishing,409,86
Slipway,1105556286,leisure=slipway,410,86
Car Sharing,1477548665,amenity=car_sharing,411,86
Motorcycle Rental,1590546790,amenity=motorcycle_rental,412,86
Bicycle Rental,989725010,amenity=bicycle_rental,413,86
Boat Sharing,2967478667,amenity=boat_sharing,414,86
Boat Rental,1173093013,amenity=boat_rental,415,86
Water Well Driller,2121917268,craft=water_well_drilling,416,86
Beekeeper,3515150275,craft=beekeeper,417,86
Rigger,974025941,craft=rigger,418,86
Wedding Planner,373697903,office=wedding_planner,419,86
Animal Boarding,4194010345,amenity=animal_boarding,420,86
Funeral Director,3308697569,shop=funeral_directors,421,86
Dental Technician,107223751,craft=dental_technician,422,86
Pest Control,1973010294,shop=pest_control,423,86
Energy Shop,3911140783,shop=energy,424,86
Window Constructors,1767216858,craft=window_construction,425,86
Boat Builder,1144201290,craft=boatbuilder,426,86
Geodesist Office,2862537844,office=geodesist,427,86
Insulator,2086085546,craft=insulation,428,86
Sailmaker,3762829506,craft=sailmaker,429,86
Photographic Laboratory,1626660698,craft=photographic_laboratory,430,86
Stove Fitter,3281835068,craft=stove_fitter,431,86
Money Transfer,3278892826,amenity=money_transfer,432,86
Computer Software,4094767411,office=it,433,86
Consultation Firm,2812741560,office=consulting,434,86
Telecommunication Office,2586088919,office=telecommunication,435,86
Lawyer Office,3064616369,office=lawyer,436,86
Architect Office,1897371040,office=architect,437,86
Financial Office,3574519604,office=financial,438,86
Accountant Office,152054599,office=accountant,439,86
Notary Office,3758330274,office=notary,440,86
Tax Advisor,1113168294,office=tax_advisor,441,86
Employment Agency,2173125218,office=employment_agency,442,86
Advertising Agency Office,1532436468,office=advertising_agency,443,86
Bail Bond Agent,649338063,office=bail_bond_agent,444,86
Graphic Designer,1074077826,office=graphic_design,445,86
Insurance Office,1009967301,office=insurance,446,86
Travel Agent,2463034906,office=travel_agent,447,86
Tour Guide,2782300499,office=guide,448,86
Moving Company,4094708382,office=moving_company,449,86
Florist,2458498128,shop=florist,450,86
Newspaper Office,898335044,office=newspaper,451,86
Security Office,2845903277,office=security,452,86
Real Estate,54368923,office=estate_agent,453,86
Laundry,3179049388,shop=laundry,454,86
Surveyor Office,4244211562,office=surveyor,455,86
Research Office,2296112072,office=research,456,86
Logistics Office,1455686974,office=logistics,457,86
Tattoo Parlour,3467427011,shop=tattoo,458,86
Hairdresser,959225105,shop=hairdresser,459,86
Engineer Office,729067932,office=engineer,460,86
Coworking Office,349178608,office=coworking,461,86
Diversified Financials,667519855,office=financial_advisor,462,86
Courier Office,1858897304,office=courier,463,86
Money Lender,848782539,shop=money_lender,464,86
Tailor,1023960772,shop=tailor,465,86
Travel Agency,3339637648,shop=travel_agency,466,86
Stock Exchange,1003414952,amenity=stock_exchange,467,86
Studio,1013228135,amenity=studio,468,86
Plasterer,4283202543,craft=plasterer,469,86
Plumber,2748985354,craft=plumber,470,86
Roofer,979804434,craft=roofer,471,86
Saddler,785650074,craft=saddler,472,86
Paver,1137727841,craft=paver,473,86
Joiner,750600168,craft=joiner,474,86
Key Cutter,3868194733,craft=key_cutter,475,86
Turner,1042700923,craft=turner,476,86
Sun Protection Maker,3858713616,craft=sun_protection,477,86
Stand Builder,2318888630,craft=stand_builder,478,86
HVAC,2807396961,craft=hvac,479,86
Scaffolder,3383541556,craft=scaffolder,480,86
Tiler,1141650643,craft=tiler,481,86
Carpet Layer,3997316437,craft=carpet_layer,482,86
Parquet Layer,2045963150,craft=parquet_layer,483,86
Printer,2909725097,craft=printer,484,86
Painter,2423029530,craft=painter,485,86
Floorer,2458416968,craft=floorer,486,86
Electronics Repair,2575304371,craft=electronics_repair,487,86
Cabinet Maker,1478010013,craft=cabinet_maker,488,86
Chimney Sweeper,763808049,craft=chimney_sweeper,489,86
Cleaning Services,2104095688,craft=cleaning,490,86
Locksmith,1106862983,craft=locksmith,491,86
Photographer,1684996058,craft=photographer,492,86
Piano Tuner,461389762,craft=piano_tuner,493,86
Builder,3455387946,craft=builder,494,86
Gardener,3842036211,craft=gardener,495,86
Jeweller,4174823239,craft=jeweller,496,86
Electrician,3774327336,craft=electrician,497,86
Cooperative Office,4283104438,office=cooperative,498,86
Private Investigator,3062449115,office=private_investigator,499,86
Property Management,3510588169,office=property_management,500,86
Shoe Repair Shop,1087833343,shop=shoe_repair,501,86
Entertainment,1034088919,leisure=entertainment,502,55
Leisure Center,4084687535,leisure=leisure_centre,503,55
Nightclub,3384749725,amenity=nightclub,504,55
Amusement Arcade,2138506936,leisure=amusement_arcade,505,55
Artwork,2492494211,tourism=artwork,506,55
Escape Game,2309316644,leisure=escape_game,507,55
Stripclub,1831030173,amenity=stripclub,508,55
Flying Club,21779446,leisure=flying_club,509,55
Trampoline Park,705030968,leisure=trampoline_park,510,55
Beach Club,4032823944,club=beach,511,55
Playground,305100236,leisure=playground,512,55
Love Hotel,578147121,amenity=love_hotel,513,55
Brothel,3375283785,amenity=brothel,514,55
Miniature Golf,927558191,leisure=miniature_golf,515,55
General Arts And Culture,1207777470,amenity=arts_and_culture,516,55
Comedy Club,520320768,amenity=comedy_club,517,55
Sauna,1140497705,leisure=sauna,518,55
Massage Parlour,614190855,shop=massage,519,55
Disc Golf Course,1541703203,leisure=disc_golf_course,520,55
Swingerclub,2264847728,amenity=swingerclub,521,55
Club,2807270791,club=yes,522,55
Dance Venue,4118456973,leisure=dance,523,55
General Adult Entertainment,3248847557,amenity=adult_entertainment,524,55
Bowling Alley,4187715846,leisure=bowling_alley,525,55
Hunting Stand,2981177720,amenity=hunting_stand,526,55
Scouts,997366214,club=scout,527,55
Adult Gaming Center,1467166867,leisure=adult_gaming_centre,528,55
Karaoke Lounge,3023496845,amenity=karaoke_box,529,55
Hackerspace,504605767,leisure=hackerspace,530,55
General Leisure,296236974,amenity=leisure,531,55
Indoor Playground,3919694783,leisure=indoor_play,532,55
Animal Training Facility,6451786,amenity=animal_training,533,55
Motorcycle Club,3898417528,club=motorcycle,534,55
Atelier,2535565835,craft=atelier,535,39
Watchmaker,2358633702,craft=watchmaker,536,39
Toolmaker,1614970747,craft=toolmaker,537,39
Cooper,550376779,craft=cooper,538,39
Mint Maker,3122266833,craft=mint,539,39
Clock Maker,3518991591,craft=clockmaker,540,39
Blacksmith,826446709,craft=blacksmith,541,39
Bookmaker,4055750858,shop=bookmaker,542,39
Engraver,3001925959,craft=engraver,543,39
Embroiderer,377831163,craft=embroiderer,544,39
Printmaker,2597384648,craft=printmaker,545,39
Bookbinder,866780644,craft=bookbinder,546,39
Basket Maker,3863606317,craft=basket_maker,547,39
Goldsmith,751395186,craft=goldsmith,548,39
Handicraft,51836055,craft=handicraft,549,39
Musical Instrument Maker,175727614,craft=musical_instrument,550,39
Organ Builder,2192717851,craft=organ_builder,551,39
Sculptor,854573215,craft=sculptor,552,39
Shoemaker,3907250696,craft=shoemaker,553,39
Signmaker,3102661238,craft=signmaker,554,39
Stonemason,4125400650,craft=stonemason,555,39
Upholsterer,4142075476,craft=upholsterer,556,39
Pottery,2834161116,craft=pottery,557,39
Welder,1113623684,craft=welder,558,39
Motorcycle Dealer,1189343835,shop=motorcycle,559,39
Bus Dealer,4053801608,shop=bus,560,39
Caravan Dealer,218972414,shop=caravan,561,39
Van Dealer,1625431275,shop=van,562,39
Trailer Dealer,3457785723,shop=trailer,563,39
Boat Dealer,771890058,shop=boat,564,39
ATV Dealer,2485989483,shop=atv,565,39
Snowmobile Dealer,2625148335,shop=snowmobile,566,39
Ski Dealer,2858510425,shop=ski,567,39
Jetski Dealer,616316898,shop=jetski,568,39
Tractor Dealer,3310367103,shop=tractor,569,39
Motorcycle Parking,176220086,amenity=motorcycle_parking,570,39
Bicycle Parking,3025581386,amenity=bicycle_parking,571,39
Heliport,378098444,aeroway=heliport,572,39
Helipad,4030068904,aeroway=helipad,573,39
Fire Station,563024941,amenity=fire_station,574,39
Social Center,3314897785,amenity=social_centre,575,39
Animal Shelter,3249456536,amenity=animal_shelter,576,39
Vehicle Inspection,3811452047,amenity=vehicle_inspection,577,39
Bicycle Repair,989766587,amenity=bicycle_repair_station,578,39
Charity Office,529549507,office=charity,579,39
Public Transport Ticket Counter,778739777,amenity=public_transport_ticket_counter,580,39
Toy Library,323984782,amenity=toy_library,581,39
Community Center,1657516467,amenity=community_centre,582,39
NGO Office,1975619073,office=ngo,583,39
Research Institute,4111624585,amenity=research_institute,584,39
Prison,925150748,amenity=prison,585,39
Information Center,3719975158,tourism=information,586,39
Emergency Amenity,2285069113,emergency:amenity=social_facility,587,39
Social Facility,104203457,amenity=social_facility,588,39
Visa Office,1035516526,office=visa,589,39
Motoring Organization Office,1978867213,office=motoring_organization,590,39
Food Sharing Box,3611523550,amenity=food_sharing,591,39
Baking Oven,585821783,amenity=baking_oven,592,39
Ranger Station,934916846,amenity=ranger_station,593,39
Emergency Phone,2407150062,emergency=phone,594,39
Greenfield,2114126824,landuse=greenfield,595,39
Kneipp Water Cure,3433625764,amenity=kneipp_water_cure,596,39
Ticket Shop,240688179,shop=ticket,597,39
Barbecue,3716061998,amenity=bbq,598,39
Drinking Water,3306802492,amenity=drinking_water,599,39
Grit Bin,3512257376,amenity=grit_bin,600,39
Recycling Facility,843066402,amenity=recycling,601,39
Fire Hydrant,3831235361,emergency=fire_hydrant,602,39
Fire Pit,2374969620,leisure=firepit,603,39
Clock,1126042973,amenity=clock,604,39
Payment Center,1493254608,amenity=payment_centre,605,39
Bench,1124909951,amenity=bench,606,39
Post Depot,3996161859,amenity=post_depot,607,39
Shelter,987223668,amenity=shelter,608,39
Post Box,2833203866,amenity=post_box,609,39
Refugee Site,3733756091,amenity=refugee_site,610,39
Political Party Office,4153917654,office=political_party,611,39
Baby Hatch,2845243097,amenity=baby_hatch,612,39
Utilities,3193415897,utility=yes,613,39
Waste Disposal,283802938,amenity=waste_disposal,614,39
Payment Terminal,169401649,amenity=payment_terminal,615,39
Picnic Table,1466755135,leisure=picnic_table,616,39
Fountain,1734932677,amenity=fountain,617,39
Dog Toilet,1274362936,amenity=dog_toilet,618,39
Photo Booth,1911639221,amenity=photo_booth,619,39
Traffic Office,276794728,office=traffic,620,39
Parcel Locker,270122066,amenity=parcel_locker,621,39
Give Box,3266154121,amenity=give_box,622,39
Dog Park,760969429,leisure=dog_park,623,39
Public Kitchen,1094211402,amenity=kitchen,624,39
Road Rescue,1008820452,amenity=road_rescue,625,39
Trolley Bay,1667504774,amenity=trolley_bay,626,39
Place Of Mourning,2751593184,amenity=place_of_mourning,627,39
Public Amenity,910102111,amenity=public,628,39
Energy Supplier,3375325189,office=energy_supplier,629,39
Toilet,1036889758,amenity=toilets,630,39
Waste Basket,1875306383,amenity=waste_basket,631,39
Emergency Water Tank,852279073,emergency=water_tank,632,39
Public Bath,55122189,amenity=public_bath,633,39
Pedestrian Subway,812416795,amenity=pedestrian_subway,634,39
Water Point,98598602,amenity=water_point,635,39
Public Bookcase,1949535923,amenity=public_bookcase,636,39
Lounger,3579859975,amenity=lounger,637,39
Public Telephone,3356287530,amenity=telephone,638,39
Shower,1001985275,amenity=shower,639,39
Sanitary Dump Station,4027022834,amenity=sanitary_dump_station,640,39
Tourist Information,3719975158,tourism=information,641,39
General Business,1937170263,amenity=business,642,22
Company,4174927372,office=company,643,22
Craft Shop,3504509701,shop=craft,644,22
Variety Store,2857852234,shop=variety_store,645,22
Shop,2807743431,shop=yes,646,22
Gift Shop,2022815895,shop=gift,647,22
General Location Of Interest,1693204109,amenity=yes,648,22
Railway Ground,702377043,landuse=railway,649,22
Common Ground,1175657251,leisure=common,650,22
Airport Runway,3962025854,aeroway=runway,651,22
General Managed Green,1811101371,landuse=managed_green,652,22
Built Up Area,2142348277,landuse=builtup_area,653,22
Farmland,2107733874,landuse=farmland,654,22
Construction Site,975817481,landuse=construction,655,22
Taxiway,1691783584,aeroway=taxiway,656,22
Apron,1124318353,aeroway=apron,657,22
Garages,3033342907,landuse=garages,658,22
General Artificial Ground,3288023800,landuse=artificial_ground,659,22
Residential Complex,21491741,landuse=residential,660,22
Landfill,3851661887,landuse=landfill,661,22
Farmyard,2108121281,landuse=farmyard,662,22
Brownfield,2140125589,landuse=brownfield,663,22
Allotments,1031034720,landuse=allotments,664,22
Aquaculture,1230992769,landuse=aquaculture,665,22
Water Works,105071804,man_made=water_works,666,22
General Driving,2158398800,amenity=driving,667,22
Viewpoint,461106138,tourism=viewpoint,668,22
Bandstand,49432720,leisure=bandstand,669,22
Bird Hide,2227145196,leisure=bird_hide,670,22
General Facilities,734378072,amenity=facilities,671,22
Agricultural Engines,1778515105,craft=agricultural_engines,672,22
Oil Mill,1766336157,craft=oil_mill,673,22
Sawmill,803462420,craft=sawmill,674,22
Grinding Mill,2841426267,craft=grinding_mill,675,22
General Finance,3679740259,amenity=finance,676,22
General Office,3144308755,office=yes,677,22
General Store,2876496042,shop=general,678,22
Farm,2807349511,place=farm,679,22
Commercial Plaza,1150732593,amenity=commercial,680,22
Commercial Area,1006510728,landuse=commercial,681,22
Pier,2807654711,man_made=pier,682,22
Breakwater,3771235209,man_made=breakwater,683,22
Lighthouse,2245760987,man_made=lighthouse,684,22
Compressed Air Facility,2532313883,amenity=compressed_air,685,22
Arch,2807216423,natural=arch,686,10
Fell,2807353168,natural=fell,687,10
Moraine,169240702,geological=moraine,688,10
Scrub,1140554622,natural=scrub,689,10
Grassland Area,3852273437,natural=grassland,690,10
Locale,807667435,natural=locale,691,10
Orchard,2016483674,landuse=orchard,692,10
Volcano,3856317313,natural=volcano,693,10
Heath,1130439111,natural=heath,694,10
Quarry,956311277,landuse=quarry,695,10
Oasis,1136801562,natural=oasis,696,10
Shingle,990965045,natural=shingle,697,10
Managed Grass,2207528232,landuse=grass,698,10
Bare Rock,3718277512,natural=bare_rock,699,10
Reservoir,4041536062,natural=reservoir,700,10
Natural Area,352180837,natural=yes,701,10
Rock,2807719990,natural=rock,702,10
Saddle,995174872,natural=saddle,703,10
Volcanic Caldera Rim,627048288,geological=volcanic_caldera_rim,704,10
Islet,1131789824,place=islet,705,10
Peak,2807650736,natural=peak,706,10
Arete,1124365588,natural=arete,707,10
Wetland,170218464,natural=wetland,708,10
Plateau,2730726233,natural=plateau,709,10
Dune,2807309017,natural=dune,710,10
Island,725742246,place=island,711,10
Meadow,827004788,landuse=meadow,712,10
Reef,2807710437,natural=reef,713,10
Fumarole,2523902442,natural=fumarole,714,10
Flowerbed,524096021,landuse=flowerbed,715,10
Hot Spring,1259685513,natural=hot_spring,716,10
River Crossing,156376093,natural=river_crossing,717,10
Sand,2807736661,natural=sand,718,10
Village Green,3801140616,landuse=village_green,719,10
Rapids,966907784,natural=rapids,720,10
Valley,1081308144,natural=valley,721,10
Blowhole,527307715,natural=blowhole,722,10
Cape,2807260068,natural=cape,723,10
Shoal,1140700084,natural=shoal,724,10
Sinkhole,1683057188,natural=sinkhole,725,10
Ridge,1139795962,natural=ridge,726,10
Pan,4246989228,natural=pan,727,10
Cove,2807273708,natural=cove,728,10
Shrubbery,2722726563,natural=shrubbery,729,10
Cave Entrance,1473582388,natural=cave_entrance,730,10
Scree,1140554129,natural=scree,731,10
Harbour,3920884562,natural=harbour,732,10
Cave,2807260254,natural=cave,733,10
Volcanic Lava Field,1518970514,geological=volcanic_lava_field,734,10
Woods,1144602805,natural=wood,735,10
Hill,2807416594,natural=hill,736,10
Cliff,1126037295,natural=cliff,737,10
Vineyard,2611472949,landuse=vineyard,738,10
Spring,1009449630,natural=spring,739,10
Glacier,3332625214,natural=glacier,740,10
Tundra,1042572535,natural=tundra,741,10
Archipelago,3698845492,place=archipelago,742,10
Geyser,655958966,natural=geyser,743,10
Isthmus,1030769532,natural=isthmus,744,10
Earth Bank,2918469493,natural=earth_bank,745,10
Plain,1138035481,natural=plain,746,10
Bay,4246975785,natural=bay,747,10
Waterfall,1804937953,waterway=waterfall,748,10
Gorge,1129829431,natural=gorge,749,10
Charging Location,1846330309,amenity=charging_location,750,5
# Electric Vehicle Charging Station,null,null,751,5
